limit,order,after,before,thread_id,run_id,statusCode,scenario
20,desc,id nulla officia,-9986003,laboris,deserunt nisi do ut,200,OK
34,asc,ea officia fugiat non,-28257894,do commodo,ea officia fugiat non,201,OK
50,desc,nulla officia id,-7099892,commodo do,deserunt nisi do ut,250,OK
25,asc,fugiat non officia,-3907747,laboris,ea officia fugiat non,299,OK
47,desc,officia id nulla,-12345678,do commodo,deserunt nisi do ut,500,Failed
100,asc,non officia ea,-8888888,commodo do,non officia ea,401,Failed
55,desc,id officia nulla,-4000879,laboris,id officia nulla,200,OK
30,asc,officia ea non,-1993877,do commodo,officia ea non,205,OK
60,desc,ea non officia,-7654321,laboris,non officia ea,404,Failed
45,asc,non officia id,-6738899,commodo do,officia ea non,200,OK