limit,order,after,before,thread_id,statusCode,scenario
20,desc,testAfter,testBefore,nisi,200,OK
18,asc,randomString1,randomString2,fakeThreadID,404,OK
15,desc,randomString3,randomString4,fakeThreadID,500,OK
10,asc,randomString5,randomString6,fakeThreadID,503,OK
23,desc,randomString7,randomString8,fakeThreadID,450,OK
16,asc,randomString9,randomString10,fakeThreadID,201,OK
13,desc,randomString11,randomString12,fakeThreadID,400,OK
20,asc,randomString13,randomString14,fakeThreadID,302,OK
19,desc,randomString15,randomString16,fakeThreadID,305,OK
14,asc,randomString17,randomString18,fakeThreadID,300,OK
